f-0000000001,20201106,Emily Johnson,CRD-0000000010,2020-11-20,Documents.pdf,New,1325,First Horizon - Emily Johnson - 543210987
f-0000000002,20220223,Alexander Patel,CRD-0000000002,2022-03-09,Documents.pdf,Processing,1550,Sunstone Trust - Alexander Patel - 654321098
f-0000000003,20210718,Sophia Martinez,CRD-0000000004,2021-07-31,Documents.pdf,Done,1180,Harbor Heights Bank - Sophia Martinez - 765432109
f-0000000004,20201106,Liam Thompson,CRD-0000000003,2020-11-20,Documents.pdf,New,1432,Ocean Crest Financial - Liam Thompson - 876543210
f-0000000005,20230329,Olivia Nguyen,CRD-0000000002,2023-04-12,Documents.pdf,Processing,1245,Horizon Union Trust - Olivia Nguyen - 987654321
f-0000000006,20200905,Ethan Wilson,CRD-0000000009,2020-09-17,Documents.pdf,Done,1378,Silver Harbor Finance - Ethan Wilson - 012345678
f-0000000007,20220614,Ava Brown,CRD-0000000006,2022-06-28,Documents.pdf,New,1199,Golden Peak Bank - Ava Brown - 123456789
f-0000000008,20200130,Noah Garcia,CRD-0000000006,2020-02-12,Documents.pdf,Processing,1290,Sunset Finance Corporation - Noah Garcia - 234567890
f-0000000009,20211021,Isabella Anderson,CRD-0000000005,2021-11-04,Documents.pdf,Done,1405,Blue Harbor Savings - Isabella Anderson - 345678901
f-0000000010,20230426,Mason Thomas,CRD-0000000001,2023-05-16,Documents.pdf,New,1112,Coastal Crest Bank - Mason Thomas - 456789012
f-0000000011,20201205,Mia Lopez,CRD-0000000008,2021-01-02,Documents.pdf,Processing,1367,Starlight Financial Group - Mia Lopez - 567890123
f-0000000012,20220809,Lucas Lewis,CRD-0000000012,2022-08-22,Documents.pdf,Done,1225,Summit Harbor Trust - Lucas Lewis - 678901234
f-0000000013,20200417,Charlotte Lee,CRD-0000000003,2020-05-01,Documents.pdf,New,1255,Crimson Valley Finance - Charlotte Lee - 789012345
f-0000000014,20211115,Benjamin Robinson,CRD-0000000013,2022-01-04,Documents.pdf,Processing,1350,Pacific Horizons Bank - Benjamin Robinson - 890123456
f-0000000015,20230710,Amelia Walker,CRD-0000000001,2023-07-24,Documents.pdf,Done,1144,Skyview Financial Services - Amelia Walker - 901234567
f-0000000016,20200205,James Hernandez,CRD-0000000014,2020-02-19,Documents.pdf,New,1210,Summit View Savings - James Hernandez - 012345678
f-0000000017,20220910,Harper Young,CRD-0000000008,2022-10-07,Documents.pdf,Processing,1399,Brightwave Finance - Harper Young - 123456789
f-0000000018,20200613,Elijah Adams,CRD-0000000011,2020-06-26,Documents.pdf,Done,1178,Meridian Harbor Trust - Elijah Adams - 234567890
f-0000000019,20210103,Evelyn Scott,CRD-0000000015,2021-01-17,Documents.pdf,New,1285,Horizon Peak Bank - Evelyn Scott - 345678901
f-0000000020,20230420,William Green,CRD-0000000012,2023-05-04,Documents.pdf,Processing,1303,Harbor View Finance - William Green - 456789012
f-0000000021,20200827,Abigail Hall,CRD-0000000014,2020-09-10,Documents.pdf,Done,1234,Summit Crest Bank - Abigail Hall - 567890123
f-0000000022,20220318,Michael Wright,CRD-0000000010,2022-03-31,Documents.pdf,New,1166,Ocean Vista Trust - Michael Wright - 678901234
f-0000000023,20201129,Elizabeth Baker,CRD-0000000005,2020-12-15,Documents.pdf,Processing,1379,Horizon Trust Corporation - Elizabeth Baker - 789012345
f-0000000024,20210725,Daniel Mitchell,CRD-0000000015,2021-08-07,Documents.pdf,Done,1298,Coastal Crest Bank - Daniel Mitchell - 890123456
f-0000000025,20231114,Grace Turner,CRD-0000000007,2023-11-28,Documents.pdf,New,1247,Peakview Financial - Grace Turner - 901234567
f-0000000026,20200425,Henry Hill,CRD-0000000013,2020-05-22,Documents.pdf,Processing,1356,Brightstone Finance - Henry Hill - 012345678
f-0000000027,20211231,Chloe Carter,CRD-0000000009,2022-01-30,Documents.pdf,Done,1187,Summit Crest Bank - Chloe Carter - 123456789
f-0000000028,20201006,Samuel Morris,CRD-0000000011,2020-10-20,Documents.pdf,New,1324,Bluewave Financial Group - Samuel Morris - 234567890
f-0000000029,20210410,Lily Ward,CRD-0000000007,2021-05-07,Documents.pdf,Processing,1275,Skybank Finance - Lily Ward - 345678901
f-0000000030,20230804,Jackson James,CRD-0000000004,2023-08-18,Documents.pdf,Done,1201,Seabridge Trust - Jackson James - 456789012
f-0000000031,2023-06-12,John Doe,CRD-0000000016,2023-07-02,Documents.pdf,Pending,2345,Citadel Finance - John Doe - 09873746781
