CRD-0000000001,Mason Thomas,RMIT University,2029-12-31
CRD-0000000002,Olivia Nguyen,RMIT University,2029-12-31
CRD-0000000003,Charlotte Lee,RMIT University,2029-12-31
CRD-0000000004,Jackson James,RMIT University,2029-12-31
CRD-0000000005,Isabella Anderson,RMIT University,2029-12-31
CRD-0000000006,Noah Garcia,RMIT University,2029-12-31
CRD-0000000007,Lily Ward,RMIT University,2029-12-31
CRD-0000000008,Mia Lopez,RMIT University,2029-12-31
CRD-0000000009,Ethan Wilson,RMIT University,2029-12-31
CRD-0000000010,Michael Wright,RMIT University,2029-12-31
CRD-0000000011,Elijah Adams,RMIT University,2029-12-31
CRD-0000000012,Lucas Lewis,RMIT University,2029-12-31
CRD-0000000013,Henry Hill,RMIT University,2029-12-31
CRD-0000000014,Abigail Hall,RMIT University,2029-12-31
CRD-0000000015,Evelyn Scott,RMIT University,2029-12-31